{
  "v": "5.7.4",
  "fr": 23.9759979248047,
  "ip": 0,
  "op": 61.9999946337125,
  "w": 1000,
  "h": 1000,
  "nm": "star_badge",
  "ddd": 0,
  "assets": [],
  "layers": [
    {
      "ddd": 0,
      "ind": 1,
      "ty": 4,
      "nm": "star Outlines",
      "parent": 4,
      "sr": 1,
      "ks": {
        "o": { "a": 0, "k": 100, "ix": 11 },
        "r": {
          "a": 1,
          "k": [
            {
              "i": { "x": [0.667], "y": [1] },
              "o": { "x": [0.333], "y": [0] },
              "t": 13,
              "s": [0]
            },
            { "t": 57.9999949799246, "s": [143] }
          ],
          "ix": 10
        },
        "p": { "a": 0, "k": [99.5, 92.477, 0], "ix": 2, "l": 2 },
        "a": { "a": 0, "k": [63.957, 63.307, 0], "ix": 1, "l": 2 },
        "s": {
          "a": 1,
          "k": [
            {
              "i": { "x": [0.667, 0.667, 0.667], "y": [1, 1, 1] },
              "o": { "x": [0.333, 0.333, 0.333], "y": [0, 0, 0] },
              "t": 15,
              "s": [0, 0, 100]
            },
            { "t": 36.9999967975381, "s": [100, 100, 100] }
          ],
          "ix": 6,
          "l": 2
        }
      },
      "ao": 0,
      "shapes": [
        {
          "ty": "gr",
          "it": [
            {
              "ind": 0,
              "ty": "sh",
              "ix": 1,
              "ks": {
                "a": 0,
                "k": {
                  "i": [
                    [0, 0],
                    [-1.805, -0.586],
                    [-0.34, -1.046],
                    [0, 0],
                    [-1.488, -0.001],
                    [0, 0],
                    [-0.01, -1.9],
                    [0.887, -0.652],
                    [0, 0],
                    [-0.464, -1.419],
                    [0, 0],
                    [1.819, -0.574],
                    [0.886, 0.643],
                    [0, 0],
                    [1.212, -0.876],
                    [0, 0],
                    [1.11, 1.535],
                    [-0.337, 1.041],
                    [0, 0],
                    [1.203, 0.876],
                    [0, 0],
                    [-1.109, 1.536],
                    [-1.102, 0.001],
                    [0, 0],
                    [-0.461, 1.415]
                  ],
                  "o": [
                    [0.586, -1.805],
                    [1.046, 0.34],
                    [0, 0],
                    [0.46, 1.415],
                    [0, 0],
                    [1.9, -0.009],
                    [0.005, 1.101],
                    [0, 0],
                    [-1.214, 0.868],
                    [0, 0],
                    [0.575, 1.819],
                    [-1.044, 0.33],
                    [0, 0],
                    [-1.212, -0.876],
                    [0, 0],
                    [-1.535, 1.111],
                    [-0.642, -0.887],
                    [0, 0],
                    [0.482, -1.408],
                    [0, 0],
                    [-1.536, -1.109],
                    [0.645, -0.894],
                    [0, 0],
                    [1.489, -0.001],
                    [0, 0]
                  ],
                  "v": [
                    [-3.063, -56.266],
                    [1.266, -58.471],
                    [3.472, -56.266],
                    [15.655, -18.852],
                    [18.922, -16.477],
                    [58.244, -16.477],
                    [61.702, -13.055],
                    [60.298, -10.264],
                    [28.463, 12.856],
                    [27.203, 16.698],
                    [39.386, 54.109],
                    [37.133, 58.444],
                    [34.065, 57.947],
                    [2.277, 34.827],
                    [-1.784, 34.827],
                    [-33.619, 57.947],
                    [-38.409, 57.178],
                    [-38.893, 54.109],
                    [-26.757, 16.698],
                    [-27.97, 12.856],
                    [-59.824, -10.264],
                    [-60.598, -15.053],
                    [-57.816, -16.477],
                    [-18.467, -16.477],
                    [-15.199, -18.852]
                  ],
                  "c": true
                },
                "ix": 2
              },
              "nm": "Path 1",
              "mn": "ADBE Vector Shape - Group",
              "hd": false
            },
            {
              "ty": "fl",
              "c": {
                "a": 0,
                "k": [1, 0.866666726505, 0.470588265213, 1],
                "ix": 4
              },
              "o": { "a": 0, "k": 100, "ix": 5 },
              "r": 1,
              "bm": 0,
              "nm": "Fill 1",
              "mn": "ADBE Vector Graphic - Fill",
              "hd": false
            },
            {
              "ty": "tr",
              "p": { "a": 0, "k": [61.957, 59.307], "ix": 2 },
              "a": { "a": 0, "k": [0, 0], "ix": 1 },
              "s": { "a": 0, "k": [100, 100], "ix": 3 },
              "r": { "a": 0, "k": 0, "ix": 6 },
              "o": { "a": 0, "k": 100, "ix": 7 },
              "sk": { "a": 0, "k": 0, "ix": 4 },
              "sa": { "a": 0, "k": 0, "ix": 5 },
              "nm": "Transform"
            }
          ],
          "nm": "Group 1",
          "np": 2,
          "cix": 2,
          "bm": 0,
          "ix": 1,
          "mn": "ADBE Vector Group",
          "hd": false
        }
      ],
      "ip": 0,
      "op": 1439.99987536364,
      "st": 0,
      "bm": 0
    },
    {
      "ddd": 0,
      "ind": 3,
      "ty": 4,
      "nm": "white_circle Outlines",
      "sr": 1,
      "ks": {
        "o": { "a": 0, "k": 100, "ix": 11 },
        "r": { "a": 0, "k": 0, "ix": 10 },
        "p": { "a": 0, "k": [491.705, 384.289, 0], "ix": 2, "l": 2 },
        "a": { "a": 0, "k": [92.986, 92.985, 0], "ix": 1, "l": 2 },
        "s": {
          "a": 1,
          "k": [
            {
              "i": { "x": [0.667, 0.667, 0.667], "y": [1, 1, 1] },
              "o": { "x": [0.333, 0.333, 0.333], "y": [0, 0, 0] },
              "t": 0,
              "s": [0, 0, 100]
            },
            { "t": 8.99999922102278, "s": [100, 100, 100] }
          ],
          "ix": 6,
          "l": 2
        }
      },
      "ao": 0,
      "shapes": [
        {
          "ty": "gr",
          "it": [
            {
              "ind": 0,
              "ty": "sh",
              "ix": 1,
              "ks": {
                "a": 0,
                "k": {
                  "i": [
                    [-51.216, 0],
                    [0, -51.216],
                    [51.216, 0],
                    [0, 51.217]
                  ],
                  "o": [
                    [51.216, 0],
                    [0, 51.217],
                    [-51.216, 0],
                    [0, -51.216]
                  ],
                  "v": [
                    [0, -92.736],
                    [92.736, 0],
                    [0, 92.736],
                    [-92.736, 0]
                  ],
                  "c": true
                },
                "ix": 2
              },
              "nm": "Path 1",
              "mn": "ADBE Vector Shape - Group",
              "hd": false
            },
            {
              "ty": "fl",
              "c": { "a": 0, "k": [1, 1, 1, 1], "ix": 4 },
              "o": { "a": 0, "k": 100, "ix": 5 },
              "r": 1,
              "bm": 0,
              "nm": "Fill 1",
              "mn": "ADBE Vector Graphic - Fill",
              "hd": false
            },
            {
              "ty": "tr",
              "p": { "a": 0, "k": [92.986, 92.985], "ix": 2 },
              "a": { "a": 0, "k": [0, 0], "ix": 1 },
              "s": { "a": 0, "k": [100, 100], "ix": 3 },
              "r": { "a": 0, "k": 0, "ix": 6 },
              "o": { "a": 0, "k": 100, "ix": 7 },
              "sk": { "a": 0, "k": 0, "ix": 4 },
              "sa": { "a": 0, "k": 0, "ix": 5 },
              "nm": "Transform"
            }
          ],
          "nm": "Group 1",
          "np": 2,
          "cix": 2,
          "bm": 0,
          "ix": 1,
          "mn": "ADBE Vector Group",
          "hd": false
        }
      ],
      "ip": 0,
      "op": 1439.99987536364,
      "st": 0,
      "bm": 0
    },
    {
      "ddd": 0,
      "ind": 4,
      "ty": 3,
      "nm": "white_circle",
      "sr": 1,
      "ks": {
        "o": { "a": 0, "k": 100, "ix": 11 },
        "r": { "a": 0, "k": 0, "ix": 10 },
        "p": { "a": 0, "k": [491.705, 384.289, 0], "ix": 2, "l": 2 },
        "a": { "a": 0, "k": [92.986, 92.985, 0], "ix": 1, "l": 2 },
        "s": {
          "a": 1,
          "k": [
            {
              "i": { "x": [0.667, 0.667, 0.667], "y": [1, 1, 1] },
              "o": { "x": [0.333, 0.333, 0.333], "y": [0, 0, 0] },
              "t": 0,
              "s": [0, 0, 100]
            },
            { "t": 8.99999922102278, "s": [100, 100, 100] }
          ],
          "ix": 6,
          "l": 2
        }
      },
      "ao": 0,
      "ip": 0,
      "op": 1439.99987536364,
      "st": 0,
      "bm": 0
    },
    {
      "ddd": 0,
      "ind": 5,
      "ty": 4,
      "nm": "green_circle Outlines",
      "sr": 1,
      "ks": {
        "o": { "a": 0, "k": 100, "ix": 11 },
        "r": { "a": 0, "k": 0, "ix": 10 },
        "p": { "a": 0, "k": [491.7, 384.289, 0], "ix": 2, "l": 2 },
        "a": { "a": 0, "k": [113.589, 113.589, 0], "ix": 1, "l": 2 },
        "s": {
          "a": 1,
          "k": [
            {
              "i": { "x": [0.667, 0.667, 0.667], "y": [1, 1, 1] },
              "o": { "x": [0.333, 0.333, 0.333], "y": [0, 0, 0] },
              "t": 0,
              "s": [0, 0, 100]
            },
            { "t": 8.99999922102278, "s": [100, 100, 100] }
          ],
          "ix": 6,
          "l": 2
        }
      },
      "ao": 0,
      "shapes": [
        {
          "ty": "gr",
          "it": [
            {
              "ind": 0,
              "ty": "sh",
              "ix": 1,
              "ks": {
                "a": 0,
                "k": {
                  "i": [
                    [-62.596, 0],
                    [0, -62.595],
                    [62.596, 0],
                    [0, 62.596]
                  ],
                  "o": [
                    [62.596, 0],
                    [0, 62.596],
                    [-62.596, 0],
                    [0, -62.595]
                  ],
                  "v": [
                    [0, -113.339],
                    [113.339, 0],
                    [0, 113.339],
                    [-113.339, 0]
                  ],
                  "c": true
                },
                "ix": 2
              },
              "nm": "Path 1",
              "mn": "ADBE Vector Shape - Group",
              "hd": false
            },
            {
              "ty": "fl",
              "c": {
                "a": 0,
                "k": [0.56862745098, 0.839215746113, 0.63137254902, 1],
                "ix": 4
              },
              "o": { "a": 0, "k": 100, "ix": 5 },
              "r": 1,
              "bm": 0,
              "nm": "Fill 1",
              "mn": "ADBE Vector Graphic - Fill",
              "hd": false
            },
            {
              "ty": "tr",
              "p": { "a": 0, "k": [113.589, 113.589], "ix": 2 },
              "a": { "a": 0, "k": [0, 0], "ix": 1 },
              "s": { "a": 0, "k": [100, 100], "ix": 3 },
              "r": { "a": 0, "k": 0, "ix": 6 },
              "o": { "a": 0, "k": 100, "ix": 7 },
              "sk": { "a": 0, "k": 0, "ix": 4 },
              "sa": { "a": 0, "k": 0, "ix": 5 },
              "nm": "Transform"
            }
          ],
          "nm": "Group 1",
          "np": 2,
          "cix": 2,
          "bm": 0,
          "ix": 1,
          "mn": "ADBE Vector Group",
          "hd": false
        }
      ],
      "ip": 0,
      "op": 1439.99987536364,
      "st": 0,
      "bm": 0
    },
    {
      "ddd": 0,
      "ind": 7,
      "ty": 4,
      "nm": "left Outlines",
      "sr": 1,
      "ks": {
        "o": { "a": 0, "k": 100, "ix": 11 },
        "r": { "a": 0, "k": 0, "ix": 10 },
        "p": { "a": 0, "k": [458.355, 442.923, 0], "ix": 2, "l": 2 },
        "a": { "a": 0, "k": [116.844, 20.67, 0], "ix": 1, "l": 2 },
        "s": {
          "a": 1,
          "k": [
            {
              "i": { "x": [0.667, 0.667, 0.667], "y": [1, 1, 1] },
              "o": { "x": [0.333, 0.333, 0.333], "y": [0, 0, 0] },
              "t": 6,
              "s": [0, 0, 100]
            },
            { "t": 11.9999989613637, "s": [100, 100, 100] }
          ],
          "ix": 6,
          "l": 2
        }
      },
      "ao": 0,
      "shapes": [
        {
          "ty": "gr",
          "it": [
            {
              "ind": 0,
              "ty": "sh",
              "ix": 1,
              "ks": {
                "a": 0,
                "k": {
                  "i": [
                    [0, 0],
                    [0.529, -0.785],
                    [0, 0],
                    [0, 0],
                    [-0.795, -0.527],
                    [-0.473, 0.121],
                    [0, 0],
                    [-0.231, -0.941],
                    [-0.007, -0.039],
                    [0, 0],
                    [-0.938, 0.142],
                    [-0.268, 0.402],
                    [0, 0],
                    [0.765, 0.534],
                    [0.017, 0.01]
                  ],
                  "o": [
                    [-0.785, -0.529],
                    [0, 0],
                    [0, 0],
                    [-0.527, 0.795],
                    [0.407, 0.27],
                    [0, 0],
                    [0.942, -0.232],
                    [0.01, 0.038],
                    [0, 0],
                    [0.142, 0.938],
                    [0.478, -0.073],
                    [0, 0],
                    [0.534, -0.765],
                    [-0.016, -0.011],
                    [0, 0]
                  ],
                  "v": [
                    [11.76, -79.892],
                    [9.381, -79.428],
                    [9.378, -79.424],
                    [-70.068, 38.549],
                    [-69.583, 40.944],
                    [-68.201, 41.177],
                    [-22.083, 29.186],
                    [-19.96, 30.471],
                    [-19.934, 30.586],
                    [-12.559, 78.837],
                    [-10.604, 80.279],
                    [-9.433, 79.534],
                    [70.061, -38.562],
                    [69.643, -40.915],
                    [69.593, -40.947]
                  ],
                  "c": true
                },
                "ix": 2
              },
              "nm": "Path 1",
              "mn": "ADBE Vector Shape - Group",
              "hd": false
            },
            {
              "ty": "fl",
              "c": {
                "a": 0,
                "k": [0.694117647059, 0.901960844152, 0.619607843137, 1],
                "ix": 4
              },
              "o": { "a": 0, "k": 100, "ix": 5 },
              "r": 1,
              "bm": 0,
              "nm": "Fill 1",
              "mn": "ADBE Vector Graphic - Fill",
              "hd": false
            },
            {
              "ty": "tr",
              "p": { "a": 0, "k": [70.844, 80.67], "ix": 2 },
              "a": { "a": 0, "k": [0, 0], "ix": 1 },
              "s": { "a": 0, "k": [100, 100], "ix": 3 },
              "r": { "a": 0, "k": 0, "ix": 6 },
              "o": { "a": 0, "k": 100, "ix": 7 },
              "sk": { "a": 0, "k": 0, "ix": 4 },
              "sa": { "a": 0, "k": 0, "ix": 5 },
              "nm": "Transform"
            }
          ],
          "nm": "Group 1",
          "np": 2,
          "cix": 2,
          "bm": 0,
          "ix": 1,
          "mn": "ADBE Vector Group",
          "hd": false
        }
      ],
      "ip": 0,
      "op": 1439.99987536364,
      "st": 0,
      "bm": 0
    },
    {
      "ddd": 0,
      "ind": 9,
      "ty": 4,
      "nm": "right Outlines",
      "sr": 1,
      "ks": {
        "o": { "a": 0, "k": 100, "ix": 11 },
        "r": { "a": 0, "k": 0, "ix": 10 },
        "p": { "a": 0, "k": [508.86, 420.91, 0], "ix": 2, "l": 2 },
        "a": { "a": 0, "k": [5.841, -1.342, 0], "ix": 1, "l": 2 },
        "s": {
          "a": 1,
          "k": [
            {
              "i": { "x": [0.667, 0.667, 0.667], "y": [1, 1, 1] },
              "o": { "x": [0.333, 0.333, 0.333], "y": [0, 0, 0] },
              "t": 6,
              "s": [0, 0, 100]
            },
            { "t": 11.9999989613637, "s": [100, 100, 100] }
          ],
          "ix": 6,
          "l": 2
        }
      },
      "ao": 0,
      "shapes": [
        {
          "ty": "gr",
          "it": [
            {
              "ind": 0,
              "ty": "sh",
              "ix": 1,
              "ks": {
                "a": 0,
                "k": {
                  "i": [
                    [0, 0],
                    [-0.531, -0.777],
                    [-0.005, -0.007],
                    [0, 0],
                    [0.787, -0.529],
                    [0.479, 0.127],
                    [0, 0],
                    [0.251, -0.913],
                    [0.01, -0.068],
                    [0, 0],
                    [0.924, 0.132],
                    [0.266, 0.402],
                    [0, 0],
                    [-0.784, 0.532]
                  ],
                  "o": [
                    [0.777, -0.53],
                    [0.004, 0.007],
                    [0, 0],
                    [0.529, 0.787],
                    [-0.411, 0.277],
                    [0, 0],
                    [-0.912, -0.25],
                    [-0.018, 0.066],
                    [0, 0],
                    [-0.132, 0.924],
                    [-0.477, -0.068],
                    [0, 0],
                    [-0.525, -0.789],
                    [0, 0]
                  ],
                  "v": [
                    [-11.765, -79.878],
                    [-9.397, -79.431],
                    [-9.384, -79.411],
                    [70.062, 38.563],
                    [69.595, 40.947],
                    [68.195, 41.182],
                    [22.123, 29.19],
                    [20.018, 30.39],
                    [19.976, 30.591],
                    [12.554, 78.842],
                    [10.643, 80.276],
                    [9.474, 79.537],
                    [-70.066, -38.549],
                    [-69.599, -40.934]
                  ],
                  "c": true
                },
                "ix": 2
              },
              "nm": "Path 1",
              "mn": "ADBE Vector Shape - Group",
              "hd": false
            },
            {
              "ty": "fl",
              "c": {
                "a": 0,
                "k": [0.694117647059, 0.901960844152, 0.619607843137, 1],
                "ix": 4
              },
              "o": { "a": 0, "k": 100, "ix": 5 },
              "r": 1,
              "bm": 0,
              "nm": "Fill 1",
              "mn": "ADBE Vector Graphic - Fill",
              "hd": false
            },
            {
              "ty": "tr",
              "p": { "a": 0, "k": [70.841, 80.658], "ix": 2 },
              "a": { "a": 0, "k": [0, 0], "ix": 1 },
              "s": { "a": 0, "k": [100, 100], "ix": 3 },
              "r": { "a": 0, "k": 0, "ix": 6 },
              "o": { "a": 0, "k": 100, "ix": 7 },
              "sk": { "a": 0, "k": 0, "ix": 4 },
              "sa": { "a": 0, "k": 0, "ix": 5 },
              "nm": "Transform"
            }
          ],
          "nm": "Group 1",
          "np": 2,
          "cix": 2,
          "bm": 0,
          "ix": 1,
          "mn": "ADBE Vector Group",
          "hd": false
        }
      ],
      "ip": 0,
      "op": 1439.99987536364,
      "st": 0,
      "bm": 0
    }
  ],
  "markers": []
}
